Position,Company,Location,Apply URL,Date,Tags Count
,,,,,0
Business Analyst,"Contact Government Services, LLC",,https://remoteOK.com/remote-jobs/remote-business-analyst-contact-government-services-llc-1131467,2026-05-05T08:00:25+00:00,17
Online Hotel Reservationist Fully,Careers In Travel | Destination Planners,Florida,https://remoteOK.com/remote-jobs/remote-online-hotel-reservationist-fully-careers-in-travel-destination-planners-1131466,2026-05-05T08:00:18+00:00,2
Product Delivery Coordinator,New Era Technology,,https://remoteOK.com/remote-jobs/remote-product-delivery-coordinator-new-era-technology-1131465,2026-05-05T08:00:11+00:00,3
Child and Adolescent Intake Therapist,Blackbird Health,,https://remoteOK.com/remote-jobs/remote-child-and-adolescent-intake-therapist-blackbird-health-1131464,2026-05-05T00:01:25+00:00,3
Customer Success Manager,Avero,"Las Vegas, NV",https://remoteOK.com/remote-jobs/remote-customer-success-manager-avero-1131463,2026-05-05T00:01:13+00:00,5
Recruiter,Airship,Remote - U.S.,https://remoteOK.com/remote-jobs/remote-recruiter-airship-1131462,2026-05-05T00:01:07+00:00,4
Lead AI Engineer & Technical Architect,Bold Business,"India, Latin America, Philippines",https://remoteOK.com/remote-jobs/remote-lead-ai-engineer-technical-architect-bold-business-1131461,2026-05-05T00:00:52+00:00,4
Outside Sales Consultant Account Executive,"Follett Software, LLC",,https://remoteOK.com/remote-jobs/remote-outside-sales-consultant-account-executive-follett-software-llc-1131460,2026-05-05T00:00:41+00:00,4
Manager Cost Accounting,MANSCAPED,United States,https://remoteOK.com/remote-jobs/remote-manager-cost-accounting-manscaped-1131459,2026-05-05T00:00:32+00:00,3
Staff Accountant,UHP (Unlock Human Potential),United States,https://remoteOK.com/remote-jobs/remote-staff-accountant-uhp-unlock-human-potential-1131458,2026-05-05T00:00:22+00:00,9
Software Engineer Showroom,Higharc,Remote,https://remoteOK.com/remote-jobs/remote-software-engineer-showroom-higharc-1131457,2026-05-05T00:00:16+00:00,12
3D Modeling & Python Specialist Freelance AI Trainer Project,Invisible Agency,,https://remoteOK.com/remote-jobs/remote-3d-modeling-python-specialist-freelance-ai-trainer-project-invisible-agency-1131456,2026-05-05T00:00:09+00:00,4
Product Marketing Intern,Everlaw,Oakland,https://remoteOK.com/remote-jobs/remote-product-marketing-intern-everlaw-1131454,2026-05-04T16:01:27+00:00,4
AI Solutions Manager SMB,Arize AI,,https://remoteOK.com/remote-jobs/remote-ai-solutions-manager-smb-arize-ai-1131453,2026-05-04T16:01:17+00:00,3
Product Manager Data Feeds,YipitData,,https://remoteOK.com/remote-jobs/remote-product-manager-data-feeds-yipitdata-1131452,2026-05-04T16:01:07+00:00,6
Senior Director Fulfillment Operations,"ShipBob, Inc.",United States,https://remoteOK.com/remote-jobs/remote-senior-director-fulfillment-operations-shipbob-inc-1131451,2026-05-04T16:00:56+00:00,3
Account Executive SLED,Everpure,Sacramento,https://remoteOK.com/remote-jobs/remote-account-executive-sled-everpure-1131450,2026-05-04T16:00:42+00:00,11
Travel Booking Specialist,Careers In Travel | Destination Planners,New York,https://remoteOK.com/remote-jobs/remote-travel-booking-specialist-careers-in-travel-destination-planners-1131449,2026-05-04T16:00:30+00:00,4
Travel Booking Specialist Hotels &amp; Resorts,Careers In Travel | Destination Planners,"Atlanta, Georgia",https://remoteOK.com/remote-jobs/remote-travel-booking-specialist-hotels-amp-resorts-careers-in-travel-destination-planners-1131448,2026-05-04T16:00:24+00:00,4
Hotel &amp; Vacation Advisor,Careers In Travel | Destination Planners,"Atlanta, Georgia",https://remoteOK.com/remote-jobs/remote-hotel-amp-vacation-advisor-careers-in-travel-destination-planners-1131447,2026-05-04T16:00:17+00:00,3
Hotel Reservationist â Love Travel &amp; Build Your Dream Career,Careers In Travel | Destination Planners,New York,https://remoteOK.com/remote-jobs/remote-hotel-reservationist-love-travel-amp-build-your-dream-career-careers-in-travel-destination-planners-1131446,2026-05-04T16:00:10+00:00,3
Destination Travel Specialist Flexible Hours,Careers In Travel | Destination Planners,New York,https://remoteOK.com/remote-jobs/remote-destination-travel-specialist-flexible-hours-careers-in-travel-destination-planners-1131445,2026-05-04T16:00:03+00:00,4
Support Specialist,G-P,India,https://remoteOK.com/remote-jobs/remote-support-specialist-g-p-1131440,2026-05-04T08:00:07+00:00,3
VFX Artist AI Training Vancouver Canada,Prolific Academic Ltd,Vancouver,https://remoteOK.com/remote-jobs/remote-vfx-artist-ai-training-vancouver-canada-prolific-academic-ltd-1131439,2026-05-04T00:00:09+00:00,6
Junior Mid Full Stack Software Engineer,Black Canyon Consulting,Bethesda,https://remoteOK.com/remote-jobs/remote-junior-mid-full-stack-software-engineer-black-canyon-consulting-1131437,2026-05-03T00:00:13+00:00,13
Work From Home Bilingual Client Services Representative,Global Elite Empire Consultants,"San Diego, California",https://remoteOK.com/remote-jobs/remote-work-from-home-bilingual-client-services-representative-global-elite-empire-consultants-1131436,2026-05-03T00:00:02+00:00,2
Social Media Growth Lead,Black &amp; White Zebra,,https://remoteOK.com/remote-jobs/remote-social-media-growth-lead-black-amp-white-zebra-1131434,2026-05-02T00:01:25+00:00,10
Data Conversion Developer,Grant Street Group,United States (Remote),https://remoteOK.com/remote-jobs/remote-data-conversion-developer-grant-street-group-1131433,2026-05-02T00:01:19+00:00,11
Director of Supply Chain,STR,Remote,https://remoteOK.com/remote-jobs/remote-director-of-supply-chain-str-1131432,2026-05-02T00:01:12+00:00,5
Account Executive,BlastPoint,,https://remoteOK.com/remote-jobs/remote-account-executive-blastpoint-1131431,2026-05-02T00:01:02+00:00,4
Clinical Vendor Activation Manager,Care Access,USA Remote,https://remoteOK.com/remote-jobs/remote-clinical-vendor-activation-manager-care-access-1131430,2026-05-02T00:00:53+00:00,4
Intelligence Collections Specialist UK,Concentric,Hereford,https://remoteOK.com/remote-jobs/remote-intelligence-collections-specialist-uk-concentric-1131429,2026-05-02T00:00:43+00:00,6
Crisis Care Manager,Imagine Pediatrics,Remote,https://remoteOK.com/remote-jobs/remote-crisis-care-manager-imagine-pediatrics-1131428,2026-05-02T00:00:33+00:00,5
Triage Medical Assistant,Apex Skin,,https://remoteOK.com/remote-jobs/remote-triage-medical-assistant-apex-skin-1131427,2026-05-02T00:00:22+00:00,5
GO virtual tutor,GO Tutor Corps,,https://remoteOK.com/remote-jobs/remote-go-virtual-tutor-go-tutor-corps-1131426,2026-05-02T00:00:10+00:00,8
Lead Analytics Engineer Borrowing,Monzo,"Cardiff, London",https://remoteOK.com/remote-jobs/remote-lead-analytics-engineer-borrowing-monzo-1131423,2026-05-01T16:01:01+00:00,13
Maps Visual Design Relevance Rater English,Welo Global,United States,https://remoteOK.com/remote-jobs/remote-maps-visual-design-relevance-rater-english-welo-global-1131422,2026-05-01T16:00:51+00:00,4
Solutions Analyst,Sayari,,https://remoteOK.com/remote-jobs/remote-solutions-analyst-sayari-1131421,2026-05-01T16:00:43+00:00,3
Lead Analytics Engineer Borrowing,Monzo,"Cardiff, London",https://remoteOK.com/remote-jobs/remote-lead-analytics-engineer-borrowing-monzo-1131420,2026-05-01T16:00:31+00:00,7
Account Executive Branded Merchandise Promotional Products,Reachdesk Ltd,Atlanta,https://remoteOK.com/remote-jobs/remote-account-executive-branded-merchandise-promotional-products-reachdesk-ltd-1131419,2026-05-01T16:00:19+00:00,1
Patient Navigator,Imagine Pediatrics,,https://remoteOK.com/remote-jobs/remote-patient-navigator-imagine-pediatrics-1131418,2026-05-01T16:00:08+00:00,5
Entry Level Crypto Market Specialist,Infiniti Group,,https://remoteOK.com/remote-jobs/remote-entry-level-crypto-market-specialist-infiniti-group-1131416,2026-05-01T10:13:19+00:00,3
Senior Data Engineer,Business Wire,,https://remoteOK.com/remote-jobs/remote-senior-data-engineer-business-wire-1131415,2026-05-01T08:00:12+00:00,3
Digital Full Stack Engineer HR172,Smart Working Solutions,,https://remoteOK.com/remote-jobs/remote-digital-full-stack-engineer-hr172-smart-working-solutions-1131414,2026-05-01T08:00:03+00:00,17
Full stack Staff Engineer,Join ,,https://remoteOK.com/remote-jobs/remote-full-stack-staff-engineer-join-1131413,2026-05-01T08:00:02+00:00,5
US Payroll Administrator,Lush Handmade Cosmetics,United States,https://remoteOK.com/remote-jobs/remote-us-payroll-administrator-lush-handmade-cosmetics-1131412,2026-05-01T00:01:10+00:00,4
Vice President of Global Customer Success &amp; Support,JumpCloud,,https://remoteOK.com/remote-jobs/remote-vice-president-of-global-customer-success-amp-support-jumpcloud-1131411,2026-05-01T00:00:56+00:00,16
Data Success Manager,Murmuration,,https://remoteOK.com/remote-jobs/remote-data-success-manager-murmuration-1131410,2026-05-01T00:00:50+00:00,9
Strategic Success Manager,BenchPrep,Remote,https://remoteOK.com/remote-jobs/remote-strategic-success-manager-benchprep-1131409,2026-05-01T00:00:43+00:00,3
Senior Sales Enablement Manager,SugarAI,US - Remote,https://remoteOK.com/remote-jobs/remote-senior-sales-enablement-manager-sugarai-1131408,2026-05-01T00:00:34+00:00,18
Senior Software Developer Burnaby,Geotab,Burnaby,https://remoteOK.com/remote-jobs/remote-senior-software-developer-burnaby-geotab-1131407,2026-05-01T00:00:26+00:00,7
Supply Chain Manager,Nutrafol,,https://remoteOK.com/remote-jobs/remote-supply-chain-manager-nutrafol-1131406,2026-05-01T00:00:15+00:00,4
Strategic Business Development Consultant,Vonage,Spain,https://remoteOK.com/remote-jobs/remote-strategic-business-development-consultant-vonage-1131403,2026-04-30T16:00:47+00:00,9
Founding Engineer,Haast,New York ,https://remoteOK.com/remote-jobs/remote-founding-engineer-haast-1131402,2026-04-30T16:00:32+00:00,11
Staff Data Engineer,Imagine Pediatrics,United States,https://remoteOK.com/remote-jobs/remote-staff-data-engineer-imagine-pediatrics-1131401,2026-04-30T16:00:26+00:00,5
Business Development Representative,Garner Health,,https://remoteOK.com/remote-jobs/remote-business-development-representative-garner-health-1131400,2026-04-30T16:00:13+00:00,7
Sales Development Representative North America June Hiring Class,Hostaway,,https://remoteOK.com/remote-jobs/remote-sales-development-representative-north-america-june-hiring-class-hostaway-1131399,2026-04-30T16:00:03+00:00,8
Senior Frontend Developer,Sanctuary Computer,,https://remoteOK.com/remote-jobs/remote-senior-frontend-developer-sanctuary-computer-1131398,2026-04-30T14:23:27+00:00,6
Product Marketing Lead,Paragon,Los Angeles or Remote,https://remoteOK.com/remote-jobs/remote-product-marketing-lead-paragon-1131395,2026-04-30T08:00:04+00:00,10
Legal Data Analyst Junior Vaga Afirmativa para PCD,Jusbrasil,Belo Horizonte ou Salvador,https://remoteOK.com/remote-jobs/remote-legal-data-analyst-junior-vaga-afirmativa-para-pcd-jusbrasil-1131393,2026-04-30T00:01:10+00:00,4
Manager Client Support RH Boutique Partners,Waterworks,Remote,https://remoteOK.com/remote-jobs/remote-manager-client-support-rh-boutique-partners-waterworks-1131392,2026-04-30T00:00:59+00:00,16
Senior Manager Clinical Biomarker Operations,Apogee Therapeutics,Remote,https://remoteOK.com/remote-jobs/remote-senior-manager-clinical-biomarker-operations-apogee-therapeutics-1131391,2026-04-30T00:00:53+00:00,4
Executive Briefing Specialst,New Relic,San Francisco,https://remoteOK.com/remote-jobs/remote-executive-briefing-specialst-new-relic-1131390,2026-04-30T00:00:43+00:00,3
Integration Test Manager VHA Required,Ibility,Washington DC,https://remoteOK.com/remote-jobs/remote-integration-test-manager-vha-required-ibility-1131389,2026-04-30T00:00:33+00:00,11
Inside Sales Representative,Renewal by Andersen,"South Bend, IN",https://remoteOK.com/remote-jobs/remote-inside-sales-representative-renewal-by-andersen-1131388,2026-04-30T00:00:25+00:00,9
VP Product,Spark Advisors,,https://remoteOK.com/remote-jobs/remote-vp-product-spark-advisors-1131387,2026-04-30T00:00:18+00:00,7
Sustainability Counsel,Axiom,,https://remoteOK.com/remote-jobs/remote-sustainability-counsel-axiom-1131386,2026-04-30T00:00:07+00:00,2
Lite Controller Pathfinder Hospitality,Pathfinder Hospitality,,https://remoteOK.com/remote-jobs/remote-lite-controller-pathfinder-hospitality-pathfinder-hospitality-1131385,2026-04-29T16:42:41+00:00,2
Counsel Business & Legal Affairs,MLB Network,"Secaucus, NJ",https://remoteOK.com/remote-jobs/remote-counsel-business-legal-affairs-mlb-network-1131384,2026-04-29T16:00:17+00:00,9
HR Partner,Campus Compact,,https://remoteOK.com/remote-jobs/remote-hr-partner-campus-compact-1131383,2026-04-29T16:00:06+00:00,8
Backend Engineer,Paperpile,,https://remoteOK.com/remote-jobs/remote-backend-engineer-paperpile-1131382,2026-04-29T09:10:29+00:00,5
Senior Full Stack Engineer,Paperpile,,https://remoteOK.com/remote-jobs/remote-senior-full-stack-engineer-paperpile-1131381,2026-04-29T08:59:39+00:00,3
Senior Software Engineer,Interra Health,Boston,https://remoteOK.com/remote-jobs/remote-senior-software-engineer-interra-health-1131380,2026-04-29T08:00:14+00:00,24
Senior Software Engineer,Interra Health,Boston,https://remoteOK.com/remote-jobs/remote-senior-software-engineer-interra-health-1131379,2026-04-29T08:00:05+00:00,24
Self Pay &amp; Customer Service Specialist,Clinical Health Network For Transformation,Remote,https://remoteOK.com/remote-jobs/remote-self-pay-amp-customer-service-specialist-clinical-health-network-for-transformation-1131377,2026-04-29T00:01:16+00:00,8
Director Global Account Management,Loadsmart,Chicago / Remote,https://remoteOK.com/remote-jobs/remote-director-global-account-management-loadsmart-1131376,2026-04-29T00:01:10+00:00,12
Senior Site Reliability Engineer AI Infrastructure,Andromeda Cluster,San Francisco,https://remoteOK.com/remote-jobs/remote-senior-site-reliability-engineer-ai-infrastructure-andromeda-cluster-1131375,2026-04-29T00:01:03+00:00,19
Senior Financial Analyst Digital Assets,Exodus Movement Inc.,,https://remoteOK.com/remote-jobs/remote-senior-financial-analyst-digital-assets-exodus-movement-inc-1131374,2026-04-29T00:00:57+00:00,8
Product Expert PLM and ERP,Altana,"Brooklyn, NY; Washington, DC",https://remoteOK.com/remote-jobs/remote-product-expert-plm-and-erp-altana-1131373,2026-04-29T00:00:48+00:00,0
Senior Cost Manager Estimator,"OCMI, Inc.","San Diego, CA",https://remoteOK.com/remote-jobs/remote-senior-cost-manager-estimator-ocmi-inc-1131372,2026-04-29T00:00:39+00:00,8
Lead Commercial Counsel,SpecterOps,"Remote, United States",https://remoteOK.com/remote-jobs/remote-lead-commercial-counsel-specterops-1131371,2026-04-29T00:00:29+00:00,4
Front End Full Stack Developer,Honor Foods,"Philadelphia, PA",https://remoteOK.com/remote-jobs/remote-front-end-full-stack-developer-honor-foods-1131370,2026-04-29T00:00:19+00:00,8
Senior Recruiter & People Operations Lead,Wellist,"Boston, MA",https://remoteOK.com/remote-jobs/remote-senior-recruiter-people-operations-lead-wellist-1131369,2026-04-29T00:00:08+00:00,8
HIGH TICKET OUTBOUND SALES WANTED,FSE,,https://remoteOK.com/remote-jobs/remote-high-ticket-outbound-sales-wanted-fse-1131368,2026-04-28T20:18:22+00:00,1
Automation Engineer,Syner-G,Pittsburgh,https://remoteOK.com/remote-jobs/remote-automation-engineer-syner-g-1131367,2026-04-28T16:00:30+00:00,7
Pharmacy Liaison,Shields Health Solutions,Lakeland,https://remoteOK.com/remote-jobs/remote-pharmacy-liaison-shields-health-solutions-1131366,2026-04-28T16:00:16+00:00,4
Data Governance Engineer,"Chime Financial, Inc",San Francisco,https://remoteOK.com/remote-jobs/remote-data-governance-engineer-chime-financial-inc-1131365,2026-04-28T16:00:06+00:00,10
UX Designer II,Renaissance Learning North America,,https://remoteOK.com/remote-jobs/remote-ux-designer-ii-renaissance-learning-north-america-1131362,2026-04-28T08:00:24+00:00,10
Account Executive Emerging Accounts,Fictiv,"Schaumburg, IL",https://remoteOK.com/remote-jobs/remote-account-executive-emerging-accounts-fictiv-1131361,2026-04-28T08:00:16+00:00,2
Senior Associate Business Development & Strategy,Habitat Health,San Francisco,https://remoteOK.com/remote-jobs/remote-senior-associate-business-development-strategy-habitat-health-1131356,2026-04-28T00:01:31+00:00,6
Regional Sales Manager,Open Farm,Metro Atlanta,https://remoteOK.com/remote-jobs/remote-regional-sales-manager-open-farm-1131355,2026-04-28T00:01:17+00:00,6
Senior Transportation Specialist,"ShipBob, Inc.",Australia,https://remoteOK.com/remote-jobs/remote-senior-transportation-specialist-shipbob-inc-1131354,2026-04-28T00:01:08+00:00,1
Senior Client Services Specialist,DentalXChange,Remote USA,https://remoteOK.com/remote-jobs/remote-senior-client-services-specialist-dentalxchange-1131353,2026-04-28T00:00:55+00:00,3
Regional Human Resources Business Partner West,Rowan,California,https://remoteOK.com/remote-jobs/remote-regional-human-resources-business-partner-west-rowan-1131352,2026-04-28T00:00:41+00:00,11
Associate Copywriter,Golden Pet Brands,El Segundo,https://remoteOK.com/remote-jobs/remote-associate-copywriter-golden-pet-brands-1131351,2026-04-28T00:00:35+00:00,1
Senior Publications Manager,Oruka Therapeutics,,https://remoteOK.com/remote-jobs/remote-senior-publications-manager-oruka-therapeutics-1131350,2026-04-28T00:00:25+00:00,3
Senior Scientific Communications Manager,Oruka Therapeutics,,https://remoteOK.com/remote-jobs/remote-senior-scientific-communications-manager-oruka-therapeutics-1131349,2026-04-28T00:00:14+00:00,3
Senior Product Marketing Manager US,Smile Digital Health,Remote US,https://remoteOK.com/remote-jobs/remote-senior-product-marketing-manager-us-smile-digital-health-1131348,2026-04-28T00:00:03+00:00,13
